,verse_id,text,verse_text,label,V1_Label,index,Version,Part
0,1 Chronicles 1.34 (KJV),Abraham begatte Isaac. Isaac begat Iacob.,And Abraham begat Isaac. The sons of Isaac; Esau and Israel.,1,0,0,KJV,Old Testament
1,1 Chronicles 18.10 (KJV),are not only vessels of gold and syluer,"He sent Hadoram his son to king David, to enquire of his welfare, and to congratulate him, because he had fought against Hadarezer, and smitten him; (for Hadarezer had war with Tou;) and with him all manner of vessels of gold and silver and brass.",1,0,2,KJV,Old Testament
2,1 Chronicles 28.9 (Douay-Rheims),"God is aboue our hartes, and knoweth al thinges.","And thou my son Solomon, know the God of thy father, and serve him with a perfect heart, and a willing mind: for the Lord searcheth all hearts, and understandeth all the thoughts of minds. If thou seek him, thou shalt find him: but if thou forsake him, he will cast thee off for ever.",1,0,17,Douay-Rheims,Old Testament
3,1 Corinthians 1.23 (Vulgate),"I answere that Christ crucified, was an offence to the Hebrues:","nos autem prædicamus Christum crucifixum: Judæis quidem scandalum, gentibus autem stultitiam,",0,1,30,Vulgate,New Testament
4,1 Corinthians 1.30 (Vulgate),"Christe is made vnto vs (sayth sainct Paule) wysedome from God and righteousnes, and sanctifiyng, and redempcio.","Ex ipso autem vos estis in Christo Jesu, qui factus est nobis sapientia a Deo, et justitia, et sanctificatio, et redemptio:",0,1,37,Vulgate,New Testament
5,1 Corinthians 1.30 (Vulgate),Christ is become my wisdom fro God my righteousnes my holynes and my redemption:,"Ex ipso autem vos estis in Christo Jesu, qui factus est nobis sapientia a Deo, et justitia, et sanctificatio, et redemptio:",0,1,38,Vulgate,New Testament
6,1 Corinthians 1.30 (Vulgate),"For he is made vnto vs wisedome from God, and righteousnes, and sanctificacion, and redempcion.","Ex ipso autem vos estis in Christo Jesu, qui factus est nobis sapientia a Deo, et justitia, et sanctificatio, et redemptio:",0,1,39,Vulgate,New Testament
7,1 Corinthians 10.13 (Tyndale),and in tyme of temptacion go awaye,There hath none other temptacion taken you but soche as foloweth the nature of man. But God is faythfull which shall not suffer you to be tempted above youre strenght: but shall in the myddes of the temptacion make awaye to escape out.,1,0,44,Tyndale,New Testament
8,1 Corinthians 10.16 (Douay-Rheims),and be indeede the very supper of the lord?,"The chalice of benediction, which we bless, is it not the communion of the blood of Christ? And the bread, which we break, is it not the partaking of the body of the Lord?",1,0,46,Douay-Rheims,New Testament
9,1 Corinthians 10.16 (Douay-Rheims),And although it be called bread and the cuppe of wine,"The chalice of benediction, which we bless, is it not the communion of the blood of Christ? And the bread, which we break, is it not the partaking of the body of the Lord?",1,0,47,Douay-Rheims,New Testament
10,1 Corinthians 10.16 (Vulgate),for the bread there vsed is called the body of Christ broke:,"Calix benedictionis, cui benedicimus, nonne communicatio sanguinis Christi est? et panis quem frangimus, nonne participatio corporis Domini est?",1,0,51,Vulgate,New Testament
11,1 Corinthians 10.17 (Geneva),"For we be one bodie, bicause we be partakers of one spirite.","For we that are many, are one bread and one body, because we all are partakers of one bread.",1,0,55,Geneva,New Testament
12,1 Corinthians 10.21 (KJV),Haue ye not the table of Christ?,"Ye cannot drink the cup of the Lord, and the cup of devils: ye cannot be partakers of the Lord’s table, and of the table of devils.",0,1,66,KJV,New Testament
13,1 Corinthians 11.12 (Tyndale),for it is of god:,For as the woman is of the man even so is the man by the woman: but all is of God.,1,0,79,Tyndale,New Testament
14,1 Corinthians 11.16 (Vulgate),"Ecclesia Romana hanc consuetudinem non habet, cuius tipum in omnibus sequimur.","Si quis autem videtur contentiosus esse: nos talem consuetudinem non habemus, neque ecclesia Dei.",0,1,80,Vulgate,New Testament
15,1 Corinthians 11.20 (KJV),"for to be, and not to be the Lords supper /","When ye come together therefore into one place, this is not to eat the Lord’s supper.",0,1,84,KJV,New Testament
16,1 Corinthians 11.24 (Tyndale),"This is my bodi, shewing the breade, ad This is my blood, shewing the wine.",and thanked and brake and sayde. Take ye and eate ye: this is my body which is broken for you. This do ye in the remembraunce of me.,0,1,88,Tyndale,New Testament
17,1 Corinthians 11.24 (Tyndale),do thys as often as you shal drinke in the remembraunce of me,and thanked and brake and sayde. Take ye and eate ye: this is my body which is broken for you. This do ye in the remembraunce of me.,1,0,93,Tyndale,New Testament
18,1 Corinthians 12.14 (Vulgate),no multa sed unum corpus.,"Nam et corpus non est unum membrum, sed multa.",0,1,124,Vulgate,New Testament
19,1 Corinthians 12.15 (Douay-Rheims),& not of the flesh.,"If the foot should say, because I am not the hand, I am not of the body; is it therefore not of the body?",1,0,125,Douay-Rheims,New Testament
20,1 Corinthians 12.15 (KJV),& not of the flesh.,"If the foot shall say, Because I am not the hand, I am not of the body; is it therefore not of the body?",1,0,126,KJV,New Testament
21,1 Corinthians 12.16 (Douay-Rheims),& not of the flesh.,"And if the ear should say, because I am not the eye, I am not of the body; is it therefore not of the body?",1,0,127,Douay-Rheims,New Testament
22,1 Corinthians 12.16 (KJV),& not of the flesh.,"And if the ear shall say, Because I am not the eye, I am not of the body; is it therefore not of the body?",1,0,128,KJV,New Testament
23,1 Corinthians 13.13 (Douay-Rheims),"Fayth, Hope and Charitie, & foure cardinall,","And now there remain faith, hope, and charity, these three: but the greatest of these is charity.",1,0,151,Douay-Rheims,New Testament
24,1 Corinthians 15.1 (Geneva),"I preach my gospell, and I confirme it wyth miracles.","Moreouer brethren, I declare vnto you the Gospel, which I preached vnto you, which ye haue also receiued, and wherein ye continue,",1,0,164,Geneva,New Testament
25,1 Corinthians 15.3 (Douay-Rheims),"For y he hath dyed, he so dyed for syn,","For I delivered unto you first of all, which I also received: how that Christ died for our sins, according to the scriptures:",1,0,174,Douay-Rheims,New Testament
26,1 Corinthians 15.3 (Vulgate),"Ego enim accepi Domino, quod & tradidi uobis,",Tradidi enim vobis in primis quod et accepi: quoniam Christus mortuus est pro peccatis nostris secundum Scripturas:,1,0,175,Vulgate,New Testament
27,1 Corinthians 15.3 (Vulgate),"Ego accepi a Domino, quod & tradidi vobis,",Tradidi enim vobis in primis quod et accepi: quoniam Christus mortuus est pro peccatis nostris secundum Scripturas:,1,0,176,Vulgate,New Testament
28,1 Corinthians 15.4 (Vulgate),The.v. is. Descendit ad infernatercia die resurrexit a mortuis.,"et quia sepultus est, et quia resurrexit tertia die secundum Scripturas:",1,0,181,Vulgate,New Testament
29,1 Corinthians 15.42 (Geneva),the fyft is the resurrection of our bodies:,"So also is the resurrection of the dead. The bodie is sowen in corruption, and is raysed in incorruption.",1,0,184,Geneva,New Testament
30,1 Corinthians 15.44 (Douay-Rheims),"After that thei sat Christ hath now a glorified body,","It is sown a natural body, it shall rise a spiritual body. If there be a natural body, there is also a spiritual body, as it is written:",1,0,193,Douay-Rheims,New Testament
31,1 Corinthians 15.7 (Geneva),And notwithstanding that the residue of the Apostles were present,"After that, he was seene of Iames: then of all the Apostles.",1,0,202,Geneva,New Testament
32,1 Corinthians 15.7 (KJV),And notwithstanding that the residue of the Apostles were present,"After that, he was seen of James; then of all the apostles.",1,0,204,KJV,New Testament
33,1 Corinthians 3.4 (Tyndale),"I hold of Paule, I holde of Apollo, another sayde I holde of Cephas which is Peter.",As loge as one sayth I holde of Paul and another I am of Apollo are ye not carnall?,0,1,227,Tyndale,New Testament
34,1 Corinthians 3.6 (Vulgate),"Apollo hathe watred, but God gyueth the encrease.","Ego plantavi, Apollo rigavit: sed Deus incrementum dedit.",0,1,231,Vulgate,New Testament
35,1 Corinthians 6.20 (Douay-Rheims),glorifie and beare god in your body.,For you are bought with a great price. Glorify and bear God in your body.,1,0,251,Douay-Rheims,New Testament
36,1 Corinthians 7.4 (Vulgate),& ye woma hath no power of her body but the ma:,"Mulier sui corporis potestatem non habet, sed vir. Similiter autem et vir sui corporis potestatem non habet, sed mulier.",0,1,268,Vulgate,New Testament
37,1 John 2.2 (Geneva),for al y sinnes of al men,"And he is the reconciliation for our sinnes: and not for ours onely, but also for the sinnes of the whole world.",0,1,301,Geneva,New Testament
38,1 John 2.9 (Geneva),"He yt loueth his brother, dwelleth in the light, but he yt hateth hys brother, is in darkenesse,","He that saith that hee is in that light, and hateth his brother, is in darkenes, vntill this time.",1,0,316,Geneva,New Testament
39,1 John 3.16 (Tyndale),which gaue him self for vs,Herby perceave we love: that he gave his lyfe for vs: and therfore ought we also to geve oure lyves for the brethren.,1,0,329,Tyndale,New Testament
40,1 John 3.16 (Tyndale),and gaue him selfe for her,Herby perceave we love: that he gave his lyfe for vs: and therfore ought we also to geve oure lyves for the brethren.,1,0,330,Tyndale,New Testament
41,1 John 3.8 (Vulgate),"Diabolus homicida erat ab initio,","Qui facit peccatum, ex diabolo est: quoniam ab initio diabolus peccat. In hoc apparuit Filius Dei, ut dissolvat opera diaboli.",0,1,338,Vulgate,New Testament
42,1 John 4.11 (Douay-Rheims),"Againe Christ requireth that to manward we should loue one another,","My dearest, if God hath so loved us; we also ought to love one another.",1,0,342,Douay-Rheims,New Testament
43,1 John 4.19 (Tyndale),but that he loued fyrst vs,We love him for he loved vs fyrst.,1,0,357,Tyndale,New Testament
44,1 John 4.6 (Douay-Rheims),"he that saieth, he knoweth god,","We are of God. He that knoweth God, heareth us. He that is not of God, heareth us not. By this we know the spirit of truth, and the spirit of error.",1,0,362,Douay-Rheims,New Testament
45,1 John 5.17 (Douay-Rheims),"But this only here is affirmed, that all sinnes in them selues, be deadly, hauing respectt to the rigor of the lawe.",All iniquity is sin. And there is a sin unto death.,0,1,367,Douay-Rheims,New Testament
46,1 John 5.9 (Geneva),This witnesse was made by god the father in his baptisme.,"If we receiue the witnesse of men, the witnesse of God is greater: for this is the witnesse of God, which he testified of his Sonne.",0,1,374,Geneva,New Testament
47,2 Samuel 12.7 (Geneva Bible),"But the Prophet of God (Nathan) came and layde hys faulte plaine before his face,","Then Nathan sayd to Dauid, Thou art the man.",0,1,377,Geneva,Old Testament
48,1 Kings 21.2 (Douay-Rheims),"What did it profit Achab, that he slewe Naboth & toke possession of his vyneyarde?","And Achab spoke to Naboth, saying: Give me thy vineyard, that I may make me a garden of herbs, because it is nigh, and adjoining to my house, and I will give thee for it a better vineyard: or if thou think it more convenient for thee, I will give thee the worth of it in money.",1,0,385,Douay-Rheims,Old Testament
49,1 Kings 5.18 (KJV),"& then intendeth to prouide tymber, lyme, and stone, and workemenne to make his house.","And Solomon’s builders and Hiram’s builders did hew them, and the stonesquarers: so they prepared timber and stones to build the house.",1,0,388,KJV,Old Testament
50,1 Maccabees 12.31 (Douay-Rheims),"& slew them, & recouered all their pray,","And Jonathan turned upon the Arabians that are called Zabadeans: and he defeated them, and took the spoils of them.",0,1,392,Douay-Rheims,Apocrypha
51,1 Maccabees 14.43 (Douay-Rheims),Loe: He clothed himselfe with purple and costly linnen &c.,"And that he should have care of the holy places: and that he should be obeyed by all, and that all the writings in the country should be made in his name: and that he should be clothed with purple, and gold:",1,0,393,Douay-Rheims,Apocrypha
52,1 Maccabees 2.60 (Douay-Rheims),"Daniel, out of the lions denne /",Daniel in his innocency was delivered out of the mouth of the lions.,1,0,394,Douay-Rheims,Apocrypha
53,1 Maccabees 3.22 (Douay-Rheims),But fear them not saith Christ.,"And the Lord himself will overthrow them before our face: but as for you, fear them not.",1,0,396,Douay-Rheims,Apocrypha
54,1 Maccabees 3.4 (Douay-Rheims),"Sicut leo, as a Lion that is strongly, boldly,","In his acts he was like a lion, and like a lion’s whelp roaring for his prey.",1,0,397,Douay-Rheims,Apocrypha
55,1 Maccabees 3.4 (KJV),"Sicut leo, as a Lion that is strongly, boldly,","In his acts he was like a lion, and like a lion’s whelp roaring for his prey.",1,0,398,KJV,Apocrypha
56,1 Maccabees 3.60 (Douay-Rheims),But what is the wil of the father in heauen?,Nevertheless as it shall be the will of God in heaven so be it done.,1,0,400,Douay-Rheims,Apocrypha
57,1 Maccabees 9.68 (KJV),But he shal not obtain his purpose but spend his labour in vaine.,"And fought against Bacchides, who was discomfited by them, and they afflicted him sore: for his counsel and travail was in vain.",1,0,402,KJV,Apocrypha
58,1 Peter 1.1 (Geneva),"Peter wrote his epistle vnto, in the countreys rehearsed.","PETER an Apostle of IESVS CHRIST, to the strangers that dwell here and there throughout Pontus, Galatia, Cappadocia, Asia and Bithynia,",1,0,405,Geneva,New Testament
59,1 Peter 1.1 (KJV),"Cappadociae, Asiae, & Bithiniae secundum prescientiam Deipatris. &c.","Peter, an apostle of Jesus Christ, to the strangers scattered throughout Pontus, Galatia, Cappadocia, Asia, and Bithynia,",1,0,407,KJV,New Testament
60,1 Peter 1.15 (Vulgate),that so you maye be holie in all conuersation,"sed secundum eum qui vocavit vos, Sanctum: et ipsi in omni conversatione sancti sitis:",0,1,412,Vulgate,New Testament
61,1 Peter 1.21 (KJV),and perfect hope in God.,"Who by him do believe in God, that raised him up from the dead, and gave him glory; that your faith and hope might be in God.",0,1,420,KJV,New Testament
62,1 Peter 1.25 (KJV),"IN this gospell first of all is declared vnto vs,",But the word of the Lord endureth for ever. And this is the word which by the gospel is preached unto you.,1,0,429,KJV,New Testament
63,1 Peter 2.25 (KJV),"To the pastor, the shepherde, the feder of our soules our sauiour Christ, whom afterward in his epistle.v. chap.",For ye were as sheep going astray; but are now returned unto the Shepherd and Bishop of your souls.,1,0,464,KJV,New Testament
64,1 Peter 3.16 (Douay-Rheims),& with a safe conscience.,"But with modesty and fear, having a good conscience: that whereas they speak evil of you, they may be ashamed who falsely accuse your good conversation in Christ.",1,0,481,Douay-Rheims,New Testament
65,1 Peter 3.8 (Vulgate),"IN fide autem omnes vnanimes, compatientes fraternitatis amatores.","In fine autem omnes unanimes, compatientes fraternitatis amatores, misericordes, modesti, humiles:",1,0,491,Vulgate,New Testament
66,1 Peter 4.15 (Geneva),"Peter here) that any of you shoulde suffer for manslaughter, as a murtherer, or as a thefe, or as a sclaunderer or backbiter, or blasphemer, or as one that goeth about to take awaye other mens goodes, to spoile and robbe them.","But let none of you suffer as a murtherer, or as a thiefe, or an euil doer, or as a busibodie in other mens matters.",1,0,502,Geneva,New Testament
67,1 Peter 4.5 (KJV),& more gloriously whe he shal come i glory to iudge the quick & the dead.,Who shall give account to him that is ready to judge the quick and the dead.,1,0,508,KJV,New Testament
68,1 Peter 4.5 (KJV),From thence he shall come to ' iudge the quicke and the deade.,Who shall give account to him that is ready to judge the quick and the dead.,1,0,513,KJV,New Testament
69,1 Samuel 15.30 (Geneva),"Thou mayst also say: Lord albe it I haue sinned,","Then he saide, I haue sinned: but honour mee, I pray thee, before the Elders of my people, and before Israel, and turne againe with mee, that I may worship the Lord thy God.",1,0,544,Geneva,Old Testament
70,1 Samuel 9.2 (Vulgate),"Saul was chosen, and good, and of all the issue of Israell there was not one better then he.","Et erat ei filius vocabulo Saul, electus et bonus: et non erat vir de filiis Israël melior illo: ab humero et sursum eminebat super omnem populum.",0,1,557,Vulgate,Old Testament
71,1 Samuel 9.6 (KJV),al this is brought to passe,"And he said unto him, Behold now, there is in this city a man of God, and he is an honourable man; all that he saith cometh surely to pass: now let us go thither; peradventure he can shew us our way that we should go.",1,0,558,KJV,Old Testament
72,1 Thessalonians 1.4 (KJV),1 Cor 10 The election of God.,"Knowing, brethren beloved, your election of God.",0,1,559,KJV,New Testament
73,1 Thessalonians 1.4 (KJV),1 Cor 10 The election of God.,"Knowing, brethren beloved, your election of God.",0,1,560,KJV,New Testament
74,1 Thessalonians 4.13 (Douay-Rheims),euen so wil god bring againe with him them also which slepe by Iesus.,"For if we believe that Jesus died, and rose again; even so them who have slept through Jesus, will God bring with him.",0,1,561,Douay-Rheims,New Testament
75,1 Thessalonians 5.20 (KJV),Paul in this place calleth prophecie.,Despise not prophesyings.,0,1,567,KJV,New Testament
76,1 Thessalonians 5.25 (Douay-Rheims),Say and pray for them:,"Brethren, pray for us.",1,0,569,Douay-Rheims,New Testament
77,1 Thessalonians 5.25 (KJV),Say and pray for them:,"Brethren, pray for us.",1,0,570,KJV,New Testament
78,1 Thessalonians 5.28 (Vulgate),"pater domini nostri Iesu Christi,",Gratia Domini nostri Jesu Christi vobiscum. Amen.,1,0,572,Vulgate,New Testament
79,1 Timothy 2.6 (KJV),Trust that this death and bloudsheding is a sufficient ransom and recompence for thy sinnes.,"Who gave himself a ransom for all, to be testified in due time.",1,0,590,KJV,New Testament
80,1 Timothy 3.1 (KJV),Is it not an office that is greatest of all?,"This is a true saying, If a man desire the office of a bishop, he desireth a good work.",1,0,591,KJV,New Testament
81,1 Timothy 4.9 (Geneva),"Wherefore this is euer true, that our sauiour Christ saith:","This is a true saying, and by all meanes worthie to be receiued.",1,0,597,Geneva,New Testament
82,1 Timothy 5.25 (KJV),& shew it self by good workes.,Likewise also the good works of some are manifest beforehand; and they that are otherwise can not be hid.,0,1,607,KJV,New Testament
83,1 Timothy 6.15 (Vulgate),"quoniam ipse est rex omnium regum, benedictus in sac^la.","quem suis temporibus ostendet beatus et solus potens, Rex regum, et Dominus dominantium:",1,0,612,Vulgate,New Testament
84,1 Timothy 6.3 (Geneva),"For whosoeuer preacheth any doctrine, not agreable to ye general receiued doctrine in the open knowen church, he it is,","If any man teach otherwise, and consenteth not to the wholesome wordes of our Lord Iesus Christ, and to the doctrine, which is according to godlinesse,",0,1,622,Geneva,New Testament
85,2 Corinthians 1.11 (Geneva),ye more to be honoured for our prayers.,"So that ye labour together in prayer for vs, that for the gift bestowed vpon vs for many, thankes may be giuen by many persons for vs.",1,0,631,Geneva,New Testament
86,2 Corinthians 11.4 (KJV),that they admit none other gospel then that they heard of him,"For if he that cometh preacheth another Jesus, whom we have not preached, or if ye receive another spirit, which ye have not received, or another gospel, which ye have not accepted, ye might well bear with him.",0,1,644,KJV,New Testament
87,2 Corinthians 2.3 (Douay-Rheims),For this cause haue I thus written vnto you,"And I wrote this same to you; that I may not, when I come, have sorrow upon sorrow, from them of whom I ought to rejoice: having confidence in you all, that my joy is the joy of you all.",0,1,649,Douay-Rheims,New Testament
88,2 Corinthians 3.12 (Douay-Rheims),"It must needes be, that he here had a good hope in Christ,","Having therefore such hope, we use much confidence:",1,0,653,Douay-Rheims,New Testament
89,2 Corinthians 5.20 (Douay-Rheims),For we are mediatours and meanes vnto god for men:,"For Christ therefore we are ambassadors, God as it were exhorting by us. For Christ, we beseech you, be reconciled to God.",1,0,663,Douay-Rheims,New Testament
90,2 Corinthians 5.20 (KJV),"Then we pray in Christs name,","Now then we are ambassadors for Christ, as though God did beseech you by us: we pray you in Christ’s stead, be ye reconciled to God.",1,0,664,KJV,New Testament
91,2 Corinthians 5.6 (Vulgate),Dum enim domi sumus in corpore peregrinamur a domino.ii.,"Audentes igitur semper, scientes quoniam dum sumus in corpore, peregrinamur a Domino",1,0,665,Vulgate,New Testament
92,2 Corinthians 8.10 (Geneva),I haue sayd my mind before:,"And I shewe my minde herein: for this is expedient for you, which haue begun not to doe onely, but also to will, a yeare agoe.",1,0,675,Geneva,New Testament
93,2 Corinthians 9.4 (Tyndale),And I saye not vnto you,lest paraveture yf they of Macedonia come with me and fynde you vnprepared the boost that I made in this matter shuld be a shame to vs: I saye not vnto you.,1,0,677,Tyndale,New Testament
94,2 Esdras 14.7 (KJV),"And I say to the,","And now I say unto thee,",1,0,679,KJV,Apocrypha
95,2 Esdras 14.7 (KJV),"To this I tell the,","And now I say unto thee,",1,0,680,KJV,Apocrypha
96,2 Esdras 4.52 (KJV),"I know it not, but I hear of it.","He answered me, and said, As for the tokens whereof thou askest me, I may tell thee of them in part: but as touching thy life, I am not sent to shew thee; for I do not know it.",1,0,681,KJV,Apocrypha
97,2 Esdras 7.61 (KJV),"And ioy one, of another that be saued,","That there should not be such heaviness in their destruction, as shall be joy over them that are persuaded to salvation.",1,0,684,KJV,Apocrypha
98,2 Esdras 9.40 (KJV),why be you sad? why mourne you for me?,"And said unto her, Wherefore weepest thou? why art thou so grieved in thy mind?",1,0,686,KJV,Apocrypha
99,2 John 1.10 (Vulgate),"Yf anye come to you not bringing this doctrine, do not receaue hym into your houses.","Si quis venit ad vos, et hanc doctrinam non affert, nolite recipere eum in domum, nec Ave ei dixeritis.",0,1,688,Vulgate,New Testament
100,2 Kings 14.23 (Douay-Rheims),"He liued in Samaria vnder an Idololatrical king Ieroboam, ye sonne of Ioas, a detestable Idololater:","In the fifteenth year of Amasias son of Joas king of Juda, reigned Jeroboam the son of Joas king of Israel in Samaria, one and forty years:",0,1,690,Douay-Rheims,Old Testament
101,2 Kings 4.13 (Vulgate),Quid vis vt faciam tibi?,"dixit ad puerum suum: Loquere ad eam: Ecce, sedule in omnibus ministrasti nobis: quid vis ut faciam tibi? numquid habes negotium, et vis ut loquar regi, sive principi militiæ? Quæ respondit: In medio populi mei habito.",1,0,693,Vulgate,Old Testament
102,2 Kings 9.11 (Douay-Rheims),why haue you brought this mad man afore me?,"Then Jehu went forth to the servants of his lord: and they said to him: Are all things well? why came this mad man to thee? And he said to them: You know the man, and what he said.",1,0,699,Douay-Rheims,Old Testament
103,2 Peter 3.16 (Vulgate),In quibus sunt quedam difficilia intellectu que indocti et instabiles deprauat sicut et ceteras scripturas ad suam ipsorum perditionem.,"sicut et omnibus epistolis, loquens in eis de his in quibus sunt quædam difficilia intellectu, quæ indocti et instabiles depravant, sicut et ceteras Scripturas, ad suam ipsorum perditionem.",0,1,723,Vulgate,New Testament
104,2 Peter 3.18 (Geneva),"to who with the father and the holy Ghoste, bee all honour, and glory for euer.","But grow in grace, and in the knowledge of our Lord and Sauiour Iesus Christ: to him be glory both now and for euermore. Amen.",1,0,727,Geneva,New Testament
105,2 Peter 3.18 (Geneva),"To whome be all glorie and imperie, in infinita sesecula. Amen.","But grow in grace, and in the knowledge of our Lord and Sauiour Iesus Christ: to him be glory both now and for euermore. Amen.",1,0,728,Geneva,New Testament
106,2 Peter 3.18 (Geneva),"to whom with the father, and the holy ghost, be al honor & glory, bothe now & euer.","But grow in grace, and in the knowledge of our Lord and Sauiour Iesus Christ: to him be glory both now and for euermore. Amen.",1,0,729,Geneva,New Testament
107,2 Thessalonians 2.4 (Geneva),Euen so doth Antichrist against Christ.,"Which is an aduersarie, and exalteth him selfe against all that is called God, or that is worshipped: so that he doeth sit as God in the Temple of God, shewing him selfe that he is God.",0,1,739,Geneva,New Testament
108,2 Thessalonians 3.9 (Douay-Rheims),you are an example of liuing vnto vs.,"Not as if we had not power: but that we might give ourselves a pattern unto you, to imitate us.",0,1,744,Douay-Rheims,New Testament
109,2 Timothy 1.9 (Geneva),"Christ hath not elected vs, because we were worthy therof, but for the glory of his goodnes:","Who hath saued vs, and called vs with an holy calling, not according to our workes, but according to his owne purpose and grace, which was giuen to vs through Christ Iesus before the world was,",1,0,747,Geneva,New Testament
110,2 Timothy 2.11 (KJV),This is a true saying:,"It is a faithful saying: For if we be dead with him, we shall also live with him:",0,1,749,KJV,New Testament
111,2 Timothy 2.19 (Douay-Rheims),"The election of God, abideth stedfast and vnmouable:","But the sure foundation of God standeth firm, having this seal: the Lord knoweth who are his; and let every one depart from iniquity who nameth the name of the Lord.",1,0,755,Douay-Rheims,New Testament
112,Acts 10.39 (KJV),and nayled him vnto a crosse,"And we are witnesses of all things which he did both in the land of the Jews, and in Jerusalem; whom they slew and hanged on a tree:",0,1,772,KJV,New Testament
113,Acts 10.40 (Geneva),"Christ rose agayne, and appeared vnto his Apostles, declaryng by many myracles, that he had verely rysen,","Him God raysed vp the third day, and caused that he was shewed openly:",0,1,773,Geneva,New Testament
114,Acts 13.39 (Douay-Rheims),for asmuch as he that beleueth in Christ,"In him every one that believeth, is justified.",0,1,791,Douay-Rheims,New Testament
115,Acts 15.11 (Douay-Rheims),And we know through the grace of God.,"But by the grace of the Lord Jesus Christ, we believe to be saved, in like manner as they also.",1,0,799,Douay-Rheims,New Testament
116,Acts 2.29 (Douay-Rheims),"And was buried. What matter was this, that he was buried.","Ye men, brethren, let me freely speak to you of the patriarch David; that he died, and was buried; and his sepulchre is with us to this present day.",0,1,828,Douay-Rheims,New Testament
117,Acts 21.25 (Tyndale),and from thynges offred vp to Idolles,For as touchinge the gentyls which beleve we have written and concluded that they observe no soche thinges: but that they kepe them selves from thinges offred to ydoles from bloud from strangled and from fornicacion.,0,1,839,Tyndale,New Testament
118,Acts 23.25 (Geneva),And from thence he wrote this Epistle as I sayde.,And he wrote an epistle in this maner:,1,0,843,Geneva,New Testament
119,Acts 23.4 (KJV),Answerest thou the high priest so?,"And they that stood by said, Revilest thou God’s high priest?",0,1,844,KJV,New Testament
120,Acts 5.1 (KJV),"Anania and Saphira by lyinge,","But a certain man named Ananias, with Sapphira his wife, sold a possession,",0,1,864,KJV,New Testament
121,Baruch 4.17 (KJV),But what can I do withall?,But what can I help you?,1,0,891,KJV,Apocrypha
122,Canticles 8.11 (Geneva),& must set forth his vineyarde to other tenauntes.,Salomon had a vine in Baal-hamon: hee gaue the vineyarde vnto keepers: euery one bringeth for ye fruite thereof a thousand pieces of siluer.,1,0,895,Geneva,Old Testament
123,Colossians 1.20 (KJV),"& reconciled vs into the fauor of god his father,","And, having made peace through the blood of his cross, by him to reconcile all things unto himself; by him, I say, whether they be things in earth, or things in heaven.",0,1,903,KJV,New Testament
124,Colossians 1.3 (Geneva),rendering thanks to god oure father by him,"We giue thankes to God euen ye Father of our Lord Iesus Christ, alway praying for you:",0,1,906,Geneva,New Testament
125,Colossians 2.17 (Vulgate),"hic imago, illic ueritas, umbra in lege:",quæ sunt umbra futurorum: corpus autem Christi.,0,1,913,Vulgate,New Testament
126,Colossians 3.1 (Douay-Rheims),What it is to syt on the right hand of God.,"Therefore, if you be risen with Christ, seek the things that are above; where Christ is sitting at the right hand of God:",1,0,918,Douay-Rheims,New Testament
127,Colossians 3.1 (Douay-Rheims),sitteth on his fathers right hand,"Therefore, if you be risen with Christ, seek the things that are above; where Christ is sitting at the right hand of God:",1,0,920,Douay-Rheims,New Testament
128,Colossians 3.1 (Douay-Rheims),What it is to syt on the right hand of God.,"Therefore, if you be risen with Christ, seek the things that are above; where Christ is sitting at the right hand of God:",1,0,921,Douay-Rheims,New Testament
129,Colossians 3.11 (Geneva),"Yea and that thei say, that Christ is euery where, and filleth euery thing.","Where is neither Grecian nor Iewe, circumcision nor vncircumcision, Barbarian, Scythian, bond, free: But Christ is all, and in all things.",1,0,923,Geneva,New Testament
130,Colossians 3.14 (Geneva),Charitie is the ho^e perfection of a chry^sten man.,"And aboue all these thinges put on loue, which is the bond of perfectnes.",0,1,925,Geneva,New Testament
131,Colossians 3.14 (Geneva),Charitie is the ho^e perfection of a chry^sten man.,"And aboue all these thinges put on loue, which is the bond of perfectnes.",0,1,926,Geneva,New Testament
132,Colossians 4.2 (Douay-Rheims),"The ende is, that we shoulde be continually in prayer.",Be instant in prayer; watching in it with thanksgiving:,0,1,933,Douay-Rheims,New Testament
133,Daniel 14.39 (Douay-Rheims),"Daniell in the Caue of the Lions,","And upon the seventh day the king came to bewail Daniel: and he came to the den, and looked in, and behold Daniel was sitting in the midst of the lions.",1,0,939,Douay-Rheims,Old Testament
134,Daniel 7.9 (Vulgate),Et capilli eius taqua lana candidisma.,"Aspiciebam donec throni positi sunt, et antiquus dierum sedit. Vestimentum ejus candidum quasi nix, et capilli capitis ejus quasi lana munda: thronus ejus flammæ ignis: rotæ ejus ignis accensus.",1,0,945,Vulgate,Old Testament
135,Daniel 9.7 (KJV),"O lord our God, to vs is worthely ascribed shame and confusion, and to the, righteousnes.","O Lord, righteousness belongeth unto thee, but unto us confusion of faces, as at this day; to the men of Judah, and to the inhabitants of Jerusalem, and unto all Israel, that are near, and that are far off, through all the countries whither thou hast driven them, because of their trespass that they have trespassed against thee.",0,1,946,KJV,Old Testament
136,Deuteronomy 1.17 (KJV),"Regarde no person, feare no man.","Ye shall not respect persons in judgment; but ye shall hear the small as well as the great; ye shall not be afraid of the face of man; for the judgment is God’s: and the cause that is too hard for you, bring it unto me, and I will hear it.",0,1,947,KJV,Old Testament
137,Deuteronomy 16.20 (Vulgate),Iuste quod iustum est iudicate.,"Juste quod justum est persequeris: ut vivas, et possideas terram, quam Dominus Deus tuus dederit tibi.",1,0,954,Vulgate,Old Testament
138,Deuteronomy 4.13 (KJV),"The tables brought he wrote in this wise,","And he declared unto you his covenant, which he commanded you to perform, even ten commandments; and he wrote them upon two tables of stone.",0,1,986,KJV,Old Testament
139,Deuteronomy 5.11 (Geneva),For ye name of god is take in vaine diuerse wayes.,Thou shalt not take the Name of the Lord thy God in vaine: for the Lord will not holde him giltlesse that taketh his Name in vaine.,0,1,988,Geneva,Old Testament
140,Deuteronomy 5.18 (Geneva),Thou shalt not desire or lust.,Neither shalt thou commit adulterie.,1,0,990,Geneva,Old Testament
141,Ecclesiasticus 1.28 (Douay-Rheims),The anger of pride & presumption is a mans owne destruction.,"For he that is without fear, cannot be justified: for the wrath of his high spirits is his ruin.",1,0,1009,Douay-Rheims,Apocrypha
142,Ecclesiasticus 33.15 (Vulgate),"Contra bonum malu est, et contra malum bonu.","Contra malum bonum est, et contra mortem vita: sic et contra virum justum peccator, et sic intuere in omnia opera Altissimi, duo et duo, et unum contra unum.",1,0,1027,Vulgate,Apocrypha
143,Ecclesiasticus 7.11 (KJV),"that bringeth downe, that humbleth sayth the scripture in sundrye places.",Laugh no man to scorn in the bitterness of his soul: for there is one which humbleth and exalteth.,1,0,1038,KJV,Apocrypha
144,Ephesians 1.4 (Geneva),Ephe. i. Benedixit nos in Christo Iesu sicut elegit nos in ipso ante mundi constitutionem.,"As hee hath chosen vs in him, before the foundation of the worlde, that we should be holy, and without blame before him in loue:",0,1,1044,Geneva,New Testament
145,Ephesians 1.4 (KJV),Ephes. i. Elegit nos in ipso ante mundi constitutionem.,"According as he hath chosen us in him before the foundation of the world, that we should be holy and without blame before him in love:",0,1,1045,KJV,New Testament
146,Ephesians 2.14 (KJV),"Therfore it is writen, Christus pax nostra:","For he is our peace, who hath made both one, and hath broken down the middle wall of partition between us;",0,1,1052,KJV,New Testament
147,Ephesians 2.8 (KJV),sayig Gratia estis saluati per fidem,For by grace are ye saved through faith; and that not of yourselves: it is the gift of God:,0,1,1061,KJV,New Testament
148,Ephesians 4.22 (Geneva),"& out of our former conuersation,","That is, that yee cast off, concerning the conuersation in time past, that olde man, which is corrupt through the deceiueable lustes,",0,1,1074,Geneva,New Testament
149,Ephesians 4.5 (Geneva),"For there is one body, one spirit, one fayth, one baptisme.","There is one Lord, one Faith, one Baptisme,",1,0,1088,Geneva,New Testament
150,Ephesians 5.28 (KJV),"& likewise that al husbades be bound to loue their wiues, euen as Christ loueth the church hys spouse:",So ought men to love their wives as their own bodies. He that loveth his wife loveth himself.,1,0,1110,KJV,New Testament
151,Esther 8.17 (KJV),Why so? For fear of the Iewes.,"And in every province, and in every city, whithersoever the king’s commandment and his decree came, the Jews had joy and gladness, a feast and a good day. And many of the people of the land became Jews; for the fear of the Jews fell upon them.",1,0,1130,KJV,Old Testament
152,Exodus 12.11 (Geneva),Here Christ called the paschall lamb passouer.,"And thus shall yee eate it, Your loynes girded, your shoes on your feete, and your staues in your handes, and yee shall eate it in haste: for it is the Lords Passeouer.",1,0,1131,Geneva,Old Testament
153,Exodus 12.11 (KJV),euen as the lambe is called passouer,"And thus shall ye eat it; with your loins girded, your shoes on your feet, and your staff in your hand; and ye shall eat it in haste: it is the LORD’s passover.",1,0,1132,KJV,Old Testament
154,Exodus 12.11 (KJV),And god himself said the lamb is the passouer.,"And thus shall ye eat it; with your loins girded, your shoes on your feet, and your staff in your hand; and ye shall eat it in haste: it is the LORD’s passover.",1,0,1133,KJV,Old Testament
155,Exodus 14.30 (Vulgate),Israell was deliuered from the seruitute of the Egyptyans.,liberavitque Dominus in die illa Israël de manu Ægyptiorum.,0,1,1135,Vulgate,Old Testament
156,Exodus 20.7 (Geneva),For ye name of god is take in vaine diuerse wayes.,Thou shalt not take the Name of the Lord thy God in vaine: for the Lord will not hold him guiltles that taketh his Name in vayne.,0,1,1161,Geneva,Old Testament
157,Exodus 31.10 (Geneva),"As for the vestimentes of the priest in ye ministerie,","Also the garments of the ministration, and ye holy garments for Aaron ye Priest, and the garmets of his sonnes, to minister in the Priestes office,",0,1,1174,Geneva,Old Testament
158,Exodus 34.17 (Douay-Rheims),Thou shalt make to the no graue ymage,Thou shalt not make to thyself any molten gods.,1,0,1181,Douay-Rheims,Old Testament
159,Exodus 34.17 (Douay-Rheims),"Thou shalte not make to the any grauen ymage or lykenes of any creature, thou shalt not kneele, nor bow thy selfe downe to it.",Thou shalt not make to thyself any molten gods.,1,0,1182,Douay-Rheims,Old Testament
160,Exodus 34.17 (Douay-Rheims),Thou shalt make the no graue ymage /,Thou shalt not make to thyself any molten gods.,1,0,1183,Douay-Rheims,Old Testament
161,Exodus 35.2 (Douay-Rheims),"That day, shalbe your Sabaoth day, your day of reste.","Six days you shall do work: the seventh day shall be holy unto you, the sabbath, and the rest of the Lord: he that shall do any work on it, shall be put to death.",1,0,1184,Douay-Rheims,Old Testament
162,Exodus 9.7 (Douay-Rheims),Pharao his heart was hardened so yt no myracle could conuert him:,"And Pharao sent to see: and there was not any thing dead of that which Israel possessed. And Pharao’s heart was hardened, and he did not let the people go.",1,0,1189,Douay-Rheims,Old Testament
163,Ezekiel 1.28 (Douay-Rheims),"But as touching that I spake afore, whe we see the rainbow,",As the appearance of the rainbow when it is in a cloud on a rainy day: this was the appearance of the brightness round about.,1,0,1190,Douay-Rheims,Old Testament
164,Ezekiel 1.28 (Douay-Rheims),"& se in the rainbow that that is like water,",As the appearance of the rainbow when it is in a cloud on a rainy day: this was the appearance of the brightness round about.,1,0,1191,Douay-Rheims,Old Testament
165,Ezekiel 20.47 (Douay-Rheims),neither shall their fire bee quenched,"And any to the south forest: Hear the word of the Lord: Thus saith the Lord God: Behold I will kindle a fire in thee, and will burn in thee every green tree, and every dry tree: the dame of the fire shall not be quenched: and every face shall be burned in it, from the south even to the north.",1,0,1195,Douay-Rheims,Old Testament
166,Ezekiel 24.14 (Douay-Rheims),it shal be brought to passe,"I the Lord have spoken: it shall come to pass, and I will do it: I will not pass by, nor spare, nor be pacified: I will judge thee according to thy ways, and according to thy doings, saith the Lord.",0,1,1196,Douay-Rheims,Old Testament
167,Ezekiel 24.14 (KJV),it shal be brought to passe,"I the LORD have spoken it: it shall come to pass, and I will do it; I will not go back, neither will I spare, neither will I repent; according to thy ways, and according to thy doings, shall they judge thee, saith the Lord GOD.",0,1,1197,KJV,Old Testament
168,Ezekiel 26.20 (Douay-Rheims),"Nay not so (saith god) but thou shalt be cast downe to the bottom of the lake, or dungeon of hell.","And when I shall bring thee down with those that descend into the pit to the everlasting people, and shall set thee in the lowest parts of the earth, as places desolate of old, with them that are brought down into the pit, that thou be not inhabited: and when I shall give glory in the land of the living,",1,0,1198,Douay-Rheims,Old Testament
169,Ezekiel 28.6 (Douay-Rheims),Therefore thus saith the lorde god:,"Therefore, thus saith the Lord God: Because thy heart is lifted up as the heart of God:",0,1,1199,Douay-Rheims,Old Testament
170,Ezekiel 30.22 (Douay-Rheims),Therefore thus saith the lorde god:,"Therefore, thus saith the Lord God: Behold, I come against Pharao king of Egypt, and I will break into pieces his strong arm, which is already broken: and I will cause the sword to fall out of his hand:",0,1,1201,Douay-Rheims,Old Testament
171,Ezekiel 32.11 (KJV),For thus saith the lorde:,For thus saith the Lord GOD; The sword of the king of Babylon shall come upon thee.,0,1,1202,KJV,Old Testament
172,Ezekiel 32.3 (Douay-Rheims),Therefore thus saith the lorde god:,"Therefore, thus saith the Lord God: I will spread out my net over thee with the multitude of many people, and I will draw thee up in my net.",0,1,1203,Douay-Rheims,Old Testament
173,Ezekiel 34.11 (KJV),For thus saith the lorde:,"For thus saith the Lord GOD; Behold, I, even I, will both search my sheep, and seek them out.",0,1,1207,KJV,Old Testament
174,Ezekiel 39.25 (Douay-Rheims),Therefore thus saith the lorde god:,"Therefore, thus saith the Lord God: Now will I bring back the captivity of Jacob, and will have mercy on all the house of Israel: and I will be jealous for my holy name.",0,1,1210,Douay-Rheims,Old Testament
175,Ezekiel 7.25 (KJV),"It preacheth peace, & yet followeth the greatest trouble.","Destruction cometh; and they shall seek peace, and there shall be none.",1,0,1211,KJV,Old Testament
176,Galatians 1.5 (Geneva),To whom be glorie honour and praise for euer.,"To whom be glory for euer and euer, Amen.",1,0,1212,Geneva,New Testament
177,Galatians 1.5 (Geneva),To whome be all honour ad glory by our sauiour Iesu christ.,"To whom be glory for euer and euer, Amen.",1,0,1216,Geneva,New Testament
178,Galatians 1.5 (Geneva),To whom be all honour and glory for euer.,"To whom be glory for euer and euer, Amen.",1,0,1218,Geneva,New Testament
179,Galatians 2.16 (Douay-Rheims),to be Iustified by them:,"But knowing that man is not justified by the works of the law, but by the faith of Jesus Christ; we also believe in Christ Jesus, that we may be justified by the faith of Christ, and not by the works of the law: because by the works of the law no flesh shall be justified.",0,1,1223,Douay-Rheims,New Testament
180,Galatians 2.16 (Douay-Rheims),But we be iustified by Christ only,"But knowing that man is not justified by the works of the law, but by the faith of Jesus Christ; we also believe in Christ Jesus, that we may be justified by the faith of Christ, and not by the works of the law: because by the works of the law no flesh shall be justified.",1,0,1225,Douay-Rheims,New Testament
181,Galatians 3.18 (Geneva),"It is therfore playne, that the euerlastyng inheritaunce can not come by the law.","For if the inheritance be of the Lawe, it is no more by the promise, but God gaue it freely vnto Abraham by promise.",0,1,1247,Geneva,New Testament
182,Galatians 3.2 (Vulgate),"Recepistis spiritu ex operibus legis, an ex iusticia fidei?","Hoc solum a vobis volo discere: ex operibus legis Spiritum accepistis, an ex auditu fidei?",1,0,1248,Vulgate,New Testament
183,Galatians 3.20 (KJV),A mediator is a mediator of one.,"Now a mediator is not a mediator of one, but God is one.",1,0,1249,KJV,New Testament
184,Galatians 3.20 (Vulgate),& quod nullus est deus nisi vnus.,Mediator autem unius non est: Deus autem unus est.,1,0,1250,Vulgate,New Testament
185,Galatians 3.4 (KJV),"& briefly so many martyrdoms in vaine,",Have ye suffered so many things in vain? if it be yet in vain.,0,1,1258,KJV,New Testament
186,Galatians 5.19 (Vulgate),"To the gala, the 5. chapter, the workes of the flesh be manyfest adultry, whordome vncleanesse, wanton nesse &c.","Manifesta sunt autem opera carnis, quæ sunt fornicatio, immunditia, impudicitia, luxuria,",0,1,1286,Vulgate,New Testament
187,Galatians 5.23 (Vulgate),"lenitas, benignitas, bonitas, fides, mansuetudo:","mansuetudo, fides, modestia, continentia, castitas. Adversus hujusmodi non est lex.",1,0,1290,Vulgate,New Testament
188,Galatians 5.6 (Douay-Rheims),If there be charity it worketh.,"For in Christ Jesus neither circumcision availeth any thing, nor uncircumcision: but faith that worketh by charity.",0,1,1298,Douay-Rheims,New Testament
189,Galatians 5.6 (KJV),and that is by loue pregnant with good workes.,"For in Jesus Christ neither circumcision availeth any thing, nor uncircumcision; but faith which worketh by love.",0,1,1301,KJV,New Testament
190,Galatians 5.8 (KJV),"is not in vs, but rather a false persuasion and opinion of Christ.",This persuasion cometh not of him that calleth you.,0,1,1307,KJV,New Testament
191,Galatians 6.5 (Douay-Rheims),One beare anothers burden &c.,For every one shall bear his own burden.,1,0,1315,Douay-Rheims,New Testament
192,Genesis 15.13 (Douay-Rheims),"It was said vnto him,","And it was said unto him: Know thou beforehand that thy seed shall be a stranger in a land not their own, and they shall bring them under bondage, and afflict them four hundred years.",0,1,1333,Douay-Rheims,Old Testament
193,Genesis 19.14 (Douay-Rheims),"And such were they that appered to Loth in Sodom, and bade him auoide out of that towne, for it should forthwith be destroyed.","So Lot went out, and spoke to his sons in law that were to have his daughters, and said: Arise: get you out of this place, because the Lord will destroy this city. And he seemed to them to speak as it were in jest.",1,0,1339,Douay-Rheims,Old Testament
194,Genesis 21.27 (Geneva),And so likewyse did Abimelech sweare vnto Abraham.,"Then Abraham tooke sheepe and beeues, and gaue them vnto Abimelech: and they two made a couenant.",1,0,1349,Geneva,Old Testament
195,Genesis 21.5 (Douay-Rheims),which was now dead euen when he was almost an hundred yeare olde,When he was a hundred years old: for at this age of his father was Isaac born.,0,1,1351,Douay-Rheims,Old Testament
196,Genesis 22.4 (Geneva),"& saw Abraham a farre of,","Then the third day Abraham lift vp his eyes, and sawe the place afarre off,",0,1,1353,Geneva,Old Testament
197,Genesis 25.17 (KJV),& gaue vp the ghost. THE EXPOSITION.,"And these are the years of the life of Ishmael, an hundred and thirty and seven years: and he gave up the ghost and died; and was gathered unto his people.",1,0,1357,KJV,Old Testament
198,Genesis 3.3 (Geneva),if they shuld eate of the apple.,"But of the fruite of the tree which is in the middes of the garden, God hath said, Ye shall not eate of it, neither shall ye touche it, lest ye die.",1,0,1364,Geneva,Old Testament
199,Genesis 34.23 (Douay-Rheims),and so we may dwel together,"And their substance, and cattle, and all that they possess, shall be ours: only in this let us condescend, and by dwelling together, we shall make one people.",1,0,1372,Douay-Rheims,Old Testament
200,Genesis 34.6 (Douay-Rheims),The sonnes of Iacob made answere to Sichem and to his father,"And when Hemor the father of Sichem was come out to speak to Jacob,",1,0,1373,Douay-Rheims,Old Testament
201,Genesis 42.17 (Geneva),he toke them and put them in pryson /,So he put them in warde three dayes.,0,1,1384,Geneva,Old Testament
202,Hebrews 10.14 (Douay-Rheims),by that once satisfied for al sinnes,For by one oblation he hath perfected for ever them that are sanctified.,0,1,1398,Douay-Rheims,New Testament
203,Hebrews 10.18 (Douay-Rheims),"Therfore the bloude of Christ once offered remayneth for euer, for purgation of all synnes, and so resteth then no sacrifice in the masse.","Now where there is a remission of these, there is no more an oblation for sin.",0,1,1406,Douay-Rheims,New Testament
204,Hebrews 10.18 (KJV),"& ther is no remissio of sins,","Now where remission of these is, there is no more offering for sin.",1,0,1411,KJV,New Testament
205,Hebrews 10.4 (Geneva),"Paule saith) can not purge the coscience of them that serueth in them, for it is not possible sinne to be taken away by the bloude of bullockes or goates. Hebr. x.",For it is vnpossible that the blood of bulles and goates should take away sinnes.,0,1,1413,Geneva,New Testament
206,Hebrews 11.17 (Douay-Rheims),"Nay verily: But to do this, he sent & gaue freely his only begotten son.","By faith Abraham, when he was tried, offered Isaac: and he that had received the promises, offered up his only begotten son;",1,0,1414,Douay-Rheims,New Testament
207,Hebrews 11.37 (KJV),"The Christians they were bounde, imprisoned, whipped, racked, broyled, mangled,","They were stoned, they were sawn asunder, were tempted, were slain with the sword: they wandered about in sheepskins and goatskins; being destitute, afflicted, tormented;",1,0,1419,KJV,New Testament
208,Hebrews 11.6 (KJV),"For this faith maketh vs acceptable before god,","But without faith it is impossible to please him: for he that cometh to God must believe that he is, and that he is a rewarder of them that diligently seek him.",0,1,1425,KJV,New Testament
209,Hebrews 13.13 (Vulgate),Exeamus ad eum extra castra.,"Exeamus igitur ad eum extra castra, improperium ejus portantes.",1,0,1436,Vulgate,New Testament
210,Hebrews 13.16 (Douay-Rheims),"Exercise thy self to pitie, to do men good.","And do not forget to do good, and to impart; for by such sacrifices God’s favour is obtained.",1,0,1441,Douay-Rheims,New Testament
211,Hebrews 2.15 (KJV),through the feares of sinne and death.,And deliver them who through fear of death were all their lifetime subject to bondage.,0,1,1454,KJV,New Testament
212,Hebrews 3.14 (Douay-Rheims),"I saye, by faith in Christ we ar so made partakers of his resurrection,","For we are made partakers of Christ: yet so, if we hold the beginning of his substance firm unto the end.",1,0,1459,Douay-Rheims,New Testament
213,Hebrews 5.3 (Geneva),Christ died for his owne synnes as well as for the sinnes of the people.,"And for the sames sake he is bound to offer for sinnes, as well for his own part, as for ye peoples.",1,0,1466,Geneva,New Testament
214,Hebrews 5.7 (Douay-Rheims),"Qui potest saluum facere a morte, offerens preces & supplicationes cum clamore valido & lacrimis,","Who in the days of his flesh, with a strong cry and tears, offering up prayers and supplications to him that was able to save him from death, was heard for his reverence.",0,1,1470,Douay-Rheims,New Testament
215,Hebrews 9.26 (Douay-Rheims),"The destruction of all sinnes was wrought by that only time that Christ was offered,","For then he ought to have suffered often from the beginning of the world: but now once at the end of ages, he hath appeared for the destruction of sin, by the sacrifice of himself.",1,0,1489,Douay-Rheims,New Testament
216,Isaiah 30.21 (Douay-Rheims),"decline not fro it, neither to the righte hande nor to the left ^c.","And thy ears shall hear the word of one admonishing thee behind thy back: This is the way, walk ye in it: and go not aside neither to the right hand, nor to the left.",1,0,1522,Douay-Rheims,Old Testament
217,Isaiah 42.18 (Douay-Rheims),Then shall the blind see and the defe here.,"Hear, ye deaf, and, ye blind, behold that you may see.",1,0,1526,Douay-Rheims,Old Testament
218,Isaiah 44.9 (KJV),may be ashamed of them selues,"They that make a graven image are all of them vanity; and their delectable things shall not profit; and they are their own witnesses; they see not, nor know; that they may be ashamed.",0,1,1529,KJV,Old Testament
219,Isaiah 5.21 (Douay-Rheims),"Wo to you that are wise in your owne eyes,","Woe to you that rue wise in your own eyes, and prudent in your own conceits.",1,0,1538,Douay-Rheims,Old Testament
220,Isaiah 54.10 (Douay-Rheims),"The mountains sayeth he, shalbe moued,","For the mountains shall be moved, and the hills shall tremble; but my mercy shall not depart from thee, and the covenant of my peace shall not be moved: said the Lord that hath mercy on thee.",1,0,1552,Douay-Rheims,Old Testament
221,Isaiah 60.19 (Geneva),"The Sunne shall neuer be thy day lyght, (as Esai said) & the lyght of the Moone shall neuer shine vnto the:","Thou shalt haue no more sunne to shine by day, neither shall the brightnesse of the moone shine vnto thee: for the Lord shall be thine euerlasting light, and thy God, thy glorie.",1,0,1559,Geneva,Old Testament
222,Isaiah 64.6 (KJV),"Quasi pannus menstruatae omnes iustitiae nostrae, be filthy and ve^y vile in the sight of God.","But we are all as an unclean thing, and all our righteousnesses are as filthy rags; and we all do fade as a leaf; and our iniquities, like the wind, have taken us away.",0,1,1562,KJV,Old Testament
223,Isaiah 66.7 (Geneva),that she was deliuered in her iourney,"Before she trauailed, she brought foorth: and before her paine came, she was deliuered of a man childe.",1,0,1565,Geneva,Old Testament
224,James 2.14 (Geneva),what faith doth iustifie a man.,"What auaileth it, my brethren, though a man saith he hath faith, when he hath no workes? can that faith saue him?",1,0,1572,Geneva,New Testament
225,James 2.14 (Geneva),But if only faith doth iustifie vs /,"What auaileth it, my brethren, though a man saith he hath faith, when he hath no workes? can that faith saue him?",1,0,1573,Geneva,New Testament
226,James 2.17 (Douay-Rheims),"For it is necessary that works be also preset, only faith is not sufficiet,","So faith also, if it have not works, is dead in itself.",1,0,1575,Douay-Rheims,New Testament
227,James 2.17 (Douay-Rheims),"he that doth good deedes, yet without faith, he hath no life.","So faith also, if it have not works, is dead in itself.",1,0,1576,Douay-Rheims,New Testament
228,James 2.17 (Geneva),"for faith of it self is full of good workes, and nothyng is good without faith.","Euen so the faith, if it haue no woorkes, is dead in it selfe.",1,0,1579,Geneva,New Testament
229,James 2.24 (Geneva),"Howe it is to be vnderstand that faith iustifieth, without woorkes","Ye see then howe that of workes a man is iustified, and not of faith onely.",0,1,1596,Geneva,New Testament
230,James 2.26 (Douay-Rheims),Faith may not be naked without good workes:,For even as the body without the spirit is dead; so also faith without works is dead.,0,1,1605,Douay-Rheims,New Testament
231,James 5.11 (Douay-Rheims),Blessed be they that are content to suffer,"Behold, we account them blessed who have endured. You have heard of the patience of Job, and you have seen the end of the Lord, that the Lord is merciful and compassionate.",1,0,1622,Douay-Rheims,New Testament
232,James 5.11 (Geneva),"Neuertheles, he is so mercifull,","Beholde, we count them blessed which endure. Ye haue heard of the patience of Iob, and haue knowen what ende the Lord made. For the Lord is very pitifull and mercifull.",1,0,1623,Geneva,New Testament
233,Jeremiah 17.7 (Douay-Rheims),"Ieremi. xvij. blessed is the ma which trusteth in the Lord,","Blessed be the man that trusteth in the Lord, and the Lord shall be his confidence.",1,0,1635,Douay-Rheims,Old Testament
234,Jeremiah 23.21 (Vulgate),"Non mittebam prophetas, Ier. xxiij.","Non mittebam prophetas, et ipsi currebant: non loquebar ad eos, et ipsi prophetabant.",1,0,1639,Vulgate,Old Testament
235,Jeremiah 48.10 (Vulgate),Maledictus qui facit opus dei fraudulenter.,"Maledictus qui facit opus Domini fraudulenter, et maledictus qui prohibet gladium suum a sanguine.",1,0,1642,Vulgate,Old Testament
236,Job 1.21 (Douay-Rheims),the name of God be blessed.,"And said: Naked came I out of my mother’s womb, and naked shall I return thither: the Lord gave, and the Lord hath taken away: as it hath pleased the Lord so is it done: blessed be the name of the Lord.",1,0,1647,Douay-Rheims,Old Testament
237,Job 1.21 (KJV),the name of God be blessed.,"And said, Naked came I out of my mother’s womb, and naked shall I return thither: the LORD gave, and the LORD hath taken away; blessed be the name of the LORD.",1,0,1651,KJV,Old Testament
238,Job 28.12 (Geneva),But where is the wisdome of ye wise?,But where is wisdome found? and where is the place of vnderstanding?,1,0,1671,Geneva,Old Testament
239,Job 32.10 (Geneva),"I shall tell you what I thinke in this matter,","Therefore I say, Heare me, and I will shew also mine opinion.",0,1,1675,Geneva,Old Testament
240,Job 38.3 (Vulgate),"Interrogare me vis, interroga & respodebo tibi.","Accinge sicut vir lumbos tuos: interrogabo te, et responde mihi.",1,0,1679,Vulgate,Old Testament
241,Joel 1.18 (Douay-Rheims),Bicause that they haue no pasture,"Why did the beast groan, why did the herds of cattle low? because there is no pasture for them: yea, and the flocks of sheep are perished.",1,0,1688,Douay-Rheims,Old Testament
242,John 1.16 (KJV),"& moste plenteous fountain, of whose fulnesse all we haue receiued.","And of his fulness have all we received, and grace for grace.",0,1,1692,KJV,New Testament
243,John 1.25 (Douay-Rheims),"I am not christ. And they asked him, what then art thou Elias?","And they asked him, and said to him: Why then dost thou baptize, if thou be not Christ, nor Elias, nor the prophet?",1,0,1699,Douay-Rheims,New Testament
244,John 1.48 (Tyndale),Iesus aunswered and sayde vnto him.,Nathanael sayd vnto him: where knewest thou me? Iesus answered and sayde vnto him: Before that Philip called the when thou wast vnder the fygge tree I sawe the.,0,1,1716,Tyndale,New Testament
245,John 1.51 (Tyndale),Verely verely I saye vnto you,And he sayde vnto him: Verely verely I saye vnto you: herafter shall ye se heven open and the angels of God ascendynge and descendynge over the sonne of man.,0,1,1722,Tyndale,New Testament
246,John 10.1 (Tyndale),Verely verely I saye vnto you,Verely verely I saye vnto you: he that entreth not in by the dore into the shepefolde but clymeth vp some other waye: the same is a thefe and a robber.,0,1,1727,Tyndale,New Testament
247,John 10.26 (Geneva),"If ye be not of Gods flocke,","But ye beleeue not: for ye are not of my sheepe, as I sayd vnto you.",0,1,1737,Geneva,New Testament
248,John 10.6 (Geneva),And this parable our lorde declareth himselfe.,This parable spake Iesus vnto them: but they vnderstoode not what things they were which he spake vnto them.,1,0,1749,Geneva,New Testament
249,John 11.1 (Tyndale),a certayne man called Lazarus laye sycke,A certayne man was sicke named Lazarus of Bethania the toune of Mary and her sister Martha.,1,0,1757,Tyndale,New Testament
250,John 11.15 (Wycliffe),and we wyll come vnto hym,"and Y haue ioye for you, that ye bileue, for Y was not there; but go we to hym.",1,0,1763,Wycliffe,New Testament
251,John 11.15 (Wycliffe),and we wyll bothe come to hym,"and Y haue ioye for you, that ye bileue, for Y was not there; but go we to hym.",1,0,1764,Wycliffe,New Testament
252,John 11.26 (Vulgate),"He that beleueth in me, shal not dye euerlastyngly.","et omnis qui vivit et credit in me, non morietur in æternum. Credis hoc?",0,1,1784,Vulgate,New Testament
253,John 11.35 (Douay-Rheims),"All this knewe Christ, and therefore wepte so sore.",And Jesus wept.,0,1,1787,Douay-Rheims,New Testament
254,John 12.44 (Geneva),"What sayeth Iesus than? He that beleueth, beleueth (sayth he) in me.","And Iesus cryed, and sayd, He that beleeueth in me, beleeueth not in me, but in him that sent me.",1,0,1805,Geneva,New Testament
255,John 13.20 (Tyndale),Verely verely I saye vnto you,Verely verely I saye vnto you. He that receaveth who soever I sende receaveth me. And he that receaveth me receaveth him that sent me.,0,1,1812,Tyndale,New Testament
256,John 14.1 (Tyndale),And consequently he sayd to his disciples:,And he sayd vnto his disciples: Let not youre hertes be troubled. Beleve in god and beleve in me.,0,1,1824,Tyndale,New Testament
257,John 14.11 (Douay-Rheims),"Againe, Beleue me that I am in the father,","Believe you not that I am in the Father, and the Father in me?",1,0,1828,Douay-Rheims,New Testament
258,John 14.12 (Tyndale),Verely verely I saye vnto you,Verely verely I saye vnto you: he that beleveth on me the workes that I doo the same shall he do and greater workes then these shall he do because I go vnto my father.,0,1,1838,Tyndale,New Testament
259,John 14.23 (Douay-Rheims),"Whosoeuer beleueth in me (sayth he) kepeth my worde, and my father shall loue him,","Jesus answered, and said to him: If any one love me, he will keep my word, and my Father will love him, and we will come to him, and will make our abode with him.",1,0,1853,Douay-Rheims,New Testament
260,John 14.30 (Vulgate),ecce venit princeps mundi huius & in me inuenit nihil,"Jam non multa loquar vobiscum: venit enim princeps mundi hujus, et in me non habet quidquam.",1,0,1884,Vulgate,New Testament
261,John 15.20 (Douay-Rheims),nor no servant above his master /,"Remember my word that I said to you: The servant is not greater than his master. If they have persecuted me, they will also persecute you: if they have kept my word, they will keep yours also.",1,0,1937,Douay-Rheims,New Testament
262,John 16.23 (Geneva),"I will doe it. And also he saith: seurly I say vnto you, that all these things which you shall ask my father in my name, he will geue them you, vntill this tyme you haue asked nothing in my name, ask, and you shall receaue,","And in that day shall ye aske me nothing. Verely, verely I say vnto you, whatsoeuer ye shall aske the Father in my Name, he will giue it you.",1,0,2002,Geneva,New Testament
263,John 16.24 (Douay-Rheims),"Thus aske, thus knocke and call, and thou shalt haue.","Hitherto you have not asked any thing in my name. Ask, and you shall receive; that your joy may be full.",1,0,2004,Douay-Rheims,New Testament
264,John 17.3 (Douay-Rheims),& that of eternal life.,"Now this is eternal life: That they may know thee, the only true God, and Jesus Christ, whom thou hast sent.",0,1,2024,Douay-Rheims,New Testament
265,John 18.31 (Tyndale),They answered and sayd vnto him:,They answered and sayd vnto him. If he were not an evyll doar we wolde not have delyvered him vnto the.,0,1,2050,Tyndale,New Testament
266,John 19.19 (KJV),"The writing was: Iesus of Nazareth,","And Pilate wrote a title, and put it on the cross. And the writing was, JESUS OF NAZARETH THE KING OF THE JEWS.",1,0,2070,KJV,New Testament
267,John 19.3 (Tyndale),and they smote him on the face.,and sayd: hayll kynge of the Iewes: and they smote him on the face.,1,0,2072,Tyndale,New Testament
268,John 19.35 (Tyndale),that he may gyue vnto hym that nedeth,And he that sawe it bare recorde and his recorde is true. And he knoweth that he sayth true that ye myght beleve also.,1,0,2079,Tyndale,New Testament
269,John 19.39 (Vulgate),In the end he caried an hundreth pownd of mirrh and Aloes to Christes buriall.,"Venit autem et Nicodemus, qui venerat ad Jesum nocte primum, ferens mixturam myrrhæ et aloës, quasi libras centum.",0,1,2080,Vulgate,New Testament
270,John 19.7 (Tyndale),is made thereby the sonne of god,The Iewes answered him. We have a lawe and by oure lawe he ought to dye: because he made him selfe the sonne of God.,1,0,2085,Tyndale,New Testament
271,John 20.21 (Douay-Rheims),As the lyuing father hath sent me,"He said therefore to them again: Peace be to you. As the Father hath sent me, I also send you.",1,0,2104,Douay-Rheims,New Testament
272,John 20.28 (Douay-Rheims),Thomas answered and said vnto him.,"Thomas answered, and said to him: My Lord, and my God.",1,0,2127,Douay-Rheims,New Testament
273,John 3.15 (Douay-Rheims),"but with deeds also, that they might beleue and obtayn euerlasting lyfe.","That whosoever believeth in him, may not perish; but may have life everlasting.",1,0,2164,Douay-Rheims,New Testament
274,John 3.17 (KJV),so he also cam into this world for sinners.,For God sent not his Son into the world to condemn the world; but that the world through him might be saved.,1,0,2172,KJV,New Testament
275,John 3.18 (Douay-Rheims),"He that beleueth in the sonne of man, shal not be iudged.","He that believeth in him is not judged. But he that doth not believe, is already judged: because he believeth not in the name of the only begotten Son of God.",1,0,2176,Douay-Rheims,New Testament
276,John 3.9 (Douay-Rheims),Alas how can this be borne?,"Nicodemus answered, and said to him: How can these things be done?",1,0,2207,Douay-Rheims,New Testament
277,John 4.13 (Douay-Rheims),Iesus answered & said vnto her.,"Jesus answered, and said to her: Whosoever drinketh of this water, shall thirst again; but he that shall drink of the water that I will give him, shall not thirst for ever:",1,0,2210,Douay-Rheims,New Testament
278,John 4.25 (Douay-Rheims),Then Christ should come (saith S.,"The woman saith to him: I know that the Messias cometh (who is called Christ). Therefore, when he is come, he will tell us all things.",1,0,2214,Douay-Rheims,New Testament
279,John 4.36 (KJV),so that both he that soweth may be glad & also he that reapeth,"And he that reapeth receiveth wages, and gathereth fruit unto life eternal: that both he that soweth and he that reapeth may rejoice together.",1,0,2217,KJV,New Testament
280,John 5.23 (Geneva),"And because it knoweth not the son, neither knoweth it them whom the sonne hath sent.","Because that all men shoulde honour the Sonne, as they honour the Father: he that honoureth not the Sonne, the same honoureth not the Father, which hath sent him.",1,0,2238,Geneva,New Testament
281,John 6.18 (Vulgate),& statim venti commotione excutitur:,"Mare autem, vento magno flante, exsurgebat.",0,1,2252,Vulgate,New Testament
282,John 6.32 (Tyndale),Verely verely I saye vnto you,Iesus sayde vnto the: verely verely I saye vnto you: Moses gave you breed from heaven: but my father geveth you the true breed from heaven.,0,1,2257,Tyndale,New Testament
283,John 6.39 (Douay-Rheims),and the lord will raise him againe at the latter day,"Now this is the will of the Father who sent me: that of all that he hath given me, I should lose nothing; but should raise it up again in the last day.",1,0,2267,Douay-Rheims,New Testament
284,John 6.48 (Tyndale),For thys is the lyuing bred,I am that breed of lyfe.,1,0,2295,Tyndale,New Testament
285,John 6.51 (Geneva),I am that bread whych am come downe from heauen.,"I am that liuing breade, which came downe from heauen: if any man eate of this breade, hee shall liue for euer: and the bread that I will giue, is my flesh, which I will giue for the life of the world.",0,1,2308,Geneva,New Testament
286,John 6.55 (Vulgate),"Nisi quis manducauerit meam carnem,","Qui manducat meam carnem, et bibit meum sanguinem, habet vitam æternam: et ego resuscitabo eum in novissimo die.",1,0,2346,Vulgate,New Testament
287,John 6.56 (Vulgate),"For my fleshe is verely meate,","Caro enim mea vere est cibus: et sanguis meus, vere est potus;",0,1,2350,Vulgate,New Testament
288,John 6.69 (Geneva),An other that Iesus is the sonne of the lyuing God:,And we beleeue and knowe that thou art that Christ that Sonne of the liuing God.,1,0,2380,Geneva,New Testament
289,John 6.71 (Geneva),"Truly when Iudas, not the Iscariot, according to this saiyng, did aske Christ in his laste supper:","Now he spake it of Iudas Iscariot the sonne of Simon: for hee it was that shoulde betraie him, though he was one of the twelue.",1,0,2384,Geneva,New Testament
290,John 7.24 (KJV),and not to be iudged by the sight of the outward man,"Judge not according to the appearance, but judge righteous judgment.",1,0,2389,KJV,New Testament
291,John 7.6 (Tyndale),For Iesus sayd vnto them:,Then Iesus sayd vnto them: My tyme is not yet come youre tyme is all waye redy.,1,0,2405,Tyndale,New Testament
292,John 7.6 (Tyndale),"When he sawe them, he sayd vnto them:",Then Iesus sayd vnto them: My tyme is not yet come youre tyme is all waye redy.,1,0,2406,Tyndale,New Testament
293,John 7.6 (Tyndale),And Iesus sayd to them:,Then Iesus sayd vnto them: My tyme is not yet come youre tyme is all waye redy.,1,0,2407,Tyndale,New Testament
294,John 8.20 (Douay-Rheims),In this manner also spake Christ to his mother in the temple,"These words Jesus spoke in the treasury, teaching in the temple: and no man laid hands on him, because his hour was not yet come.",1,0,2412,Douay-Rheims,New Testament
295,John 8.34 (Geneva),"So the as the sonnes of Adam, before they be regenerate, are the seruauntes of sinne, for that they ca not but sinne,","Iesus answered them, Verely, verely I say vnto you, that whosoeuer committeth sinne, is the seruant of sinne.",1,0,2415,Geneva,New Testament
296,John 8.39 (Geneva),"Consider also, that he calleth Abraham father,","They answered, and saide vnto him, Abraham is our father. Iesus said vnto them, If ye were Abrahams children, ye woulde doe the workes of Abraham.",1,0,2417,Geneva,New Testament
297,John 8.43 (Douay-Rheims),therefore ye hear not his word,Why do you not know my speech? Because you cannot hear my word.,1,0,2418,Douay-Rheims,New Testament
298,John 8.47 (Geneva),"He that is of God, heareth the worde of God:","He that is of God, heareth Gods wordes: yee therefore heare them not, because ye are not of God.",1,0,2421,Geneva,New Testament
299,John 8.47 (Geneva),"He that is of God, heareth the worde of God.","He that is of God, heareth Gods wordes: yee therefore heare them not, because ye are not of God.",1,0,2422,Geneva,New Testament
300,John 8.49 (KJV),"I do glorify my father,","Jesus answered, I have not a devil; but I honour my Father, and ye do dishonour me.",1,0,2423,KJV,New Testament
301,John 9.12 (Douay-Rheims),I cannot tell where he is.,And they said to him: Where is he? He saith: I know not.,0,1,2433,Douay-Rheims,New Testament
302,John 9.16 (Douay-Rheims),"On a time, when there was a contentyon amoge his disciples,","Some therefore of the Pharisees said: This man is not of God, who keepeth not the sabbath. But others said: How can a man that is a sinner do such miracles? And there was a division among them.",1,0,2435,Douay-Rheims,New Testament
303,John 9.16 (KJV),"On a time, when there was a contentyon amoge his disciples,","Therefore said some of the Pharisees, This man is not of God, because he keepeth not the sabbath day. Others said, How can a man that is a sinner do such miracles? And there was a division among them.",1,0,2436,KJV,New Testament
304,John 9.34 (Tyndale),They answered and sayd vnto him:,They answered and sayd vnto him: thou arte altogeder borne in synne: and dost thou teache vs? And they cast him out.,0,1,2438,Tyndale,New Testament
305,John 9.9 (Geneva),Quia ego sum ? That I am he?,"Some said, This is he: and other sayd, He is like him: but he himselfe sayd, I am he.",1,0,2444,Geneva,New Testament
306,Jonah 2.11 (Douay-Rheims),& it cast out Ionas againe vpo the dry lande.,And the Lord spoke to the fish: and it vomited out Jonas upon the dry land.,1,0,2453,Douay-Rheims,Old Testament
307,Jonah 3.5 (Douay-Rheims),"but repent, lament & amend your liues, as did the good Niniuites.","And the men of Ninive believed in God: and they proclaimed a fast, and put on sackcloth from the greatest to the least.",1,0,2461,Douay-Rheims,Old Testament
308,Jude 1.2 (Geneva),Grace and peace to you be multiplied.,"Mercie vnto you, and peace and loue be multiplied.",1,0,2472,Geneva,New Testament
309,Jude 1.25 (KJV),"To who the onely sauiour of the world, with the father and the holy ghost, bee all honor, glory, and power, world without end.","To the only wise God our Saviour, be glory and majesty, dominion and power, both now and ever. Amen.",1,0,2473,KJV,New Testament
310,Judith 8.11 (Douay-Rheims),"&c. No, that were to tempt God.",And who are you that tempt the Lord?,1,0,2483,Douay-Rheims,Apocrypha
311,Leviticus 12.5 (Geneva),"That whe a woman hath borne a man child, she must remaine fourty dayes in the bloud of her purifiyng:","But if she beare a mayde childe, then shee shalbe vncleane two weekes, as when shee hath her disease: and she shall continue in the blood of her purifying three score and sixe dayes.",1,0,2488,Geneva,Old Testament
312,Leviticus 12.5 (KJV),"& if she bare a woman child, fourscore days.","But if she bear a maid child, then she shall be unclean two weeks, as in her separation: and she shall continue in the blood of her purifying threescore and six days.",1,0,2489,KJV,Old Testament
313,Leviticus 25.48 (Geneva),"He may lawefully sel it, he bought it before.","After that he is solde, he may be bought out: one of his brethren may bye him out,",1,0,2499,Geneva,Old Testament
314,Luke 10.3 (Douay-Rheims),that he would send them as sheepe among wolues?,Go: Behold I send you as lambs among wolves.,1,0,2577,Douay-Rheims,New Testament
315,Luke 10.33 (KJV),"Marke, that Iesus had compassion vpon this man.","But a certain Samaritan, as he journeyed, came where he was: and when he saw him, he had compassion on him,",1,0,2582,KJV,New Testament
316,Luke 10.37 (Tyndale),Then sayth Iesus vnto hym:,And he sayde: he that shewed mercy on him. Then sayde Iesus vnto him. Goo and do thou lyke wyse.,0,1,2583,Tyndale,New Testament
317,Luke 11.28 (Vulgate),Beati qui audi ut verbu dei.,"At ille dixit: Quinimmo beati, qui audiunt verbum Dei et custodiunt illud.",1,0,2615,Vulgate,New Testament
318,Luke 11.28 (Vulgate),Beati qui audiu ut Verbum dei. etc.,"At ille dixit: Quinimmo beati, qui audiunt verbum Dei et custodiunt illud.",1,0,2616,Vulgate,New Testament
319,Luke 11.30 (Geneva),and legacye of Ionas vnto Niniue,For as Ionas was a signe to the Niniuites: so shall also the Sonne of man bee to this generation.,1,0,2619,Geneva,New Testament
320,Luke 11.4 (Vulgate),"Et dimitte nobis debita nostra. that is to say, forgue vs our sinnes.","Et dimitte nobis peccata nostra, siquidem et ipsi dimittimus omni debenti nobis. Et ne nos inducas in tentationem.",1,0,2622,Vulgate,New Testament
321,Luke 12.9 (Tyndale),"And in Luke he sayth, before the angels of God,",And he that denyeth me before men: shalbe denyed before the angels of God.,1,0,2654,Tyndale,New Testament
322,Luke 12.9 (Tyndale),"He that confesseth me before me,",And he that denyeth me before men: shalbe denyed before the angels of God.,1,0,2655,Tyndale,New Testament
323,Luke 12.9 (Tyndale),"Mathew. He that shall acknowlege me before men,",And he that denyeth me before men: shalbe denyed before the angels of God.,1,0,2656,Tyndale,New Testament
324,Luke 12.9 (Tyndale),"Whosoeuer knowledgeth me before men,",And he that denyeth me before men: shalbe denyed before the angels of God.,1,0,2657,Tyndale,New Testament
325,Luke 12.9 (Tyndale),"He that confesseth me before men,",And he that denyeth me before men: shalbe denyed before the angels of God.,1,0,2658,Tyndale,New Testament
326,Luke 13.23 (Geneva),And he sayth vnto them.,"Then saide one vnto him, Lord, are there fewe that shalbe saued? And he said vnto them,",0,1,2662,Geneva,New Testament
327,Luke 13.29 (Douay-Rheims),"Many shall come from the easte, and west,","And there shall come from the east and the west, and the north and the south; and shall sit down in the kingdom of God.",1,0,2668,Douay-Rheims,New Testament
328,Luke 14.24 (Douay-Rheims),"All whiche sort of men shall not taste of that supper, as it is there written.","But I say unto you, that none of those men that were invited, shall taste of my supper.",1,0,2691,Douay-Rheims,New Testament
329,Luke 15.20 (Douay-Rheims),"til with such pitie he was imbraced of his father,","And rising up he came to his father. And when he was yet a great way off, his father saw him, and was moved with compassion, and running to him fell upon his neck, and kissed him.",1,0,2703,Douay-Rheims,New Testament
330,Luke 16.1 (Tyndale),A Nd he sayd also vnto hys disciples:,And he sayd also vnto his disciples. Ther was a certayne rych man which had a stewarde that was acused vnto him that he had wasted his goodes.,0,1,2711,Tyndale,New Testament
331,Luke 16.2 (Tyndale),"And he called him, and sayde vnto hym:",And he called him and sayd vnto him: How is it that I heare this of the? Geve a comptes of thy steward shippe: For thou mayste be no longer stewarde.,0,1,2722,Tyndale,New Testament
332,Luke 16.21 (Geneva),The dogges (saith the text) came and licked his sores.,"And desired to bee refreshed with the crommes that fell from the riche mans table: yea, and the dogges came and licked his sores.",1,0,2727,Geneva,New Testament
333,Luke 16.29 (Tyndale),"but he saith, that they haue Moyses and the prophetes (that is holie scriptures) let them heare them.",Abraham sayd vnto him: they have Moses and the Prophetes let them heare them.,1,0,2748,Tyndale,New Testament
334,Luke 18.20 (Geneva),"Disobey not your fathers & mothers, but honor the, helpe the,","Thou knowest the comandements, Thou shalt not commit adulterie: Thou shalt not kill: Thou shalt not steale: Thou shalt not beare false witnes: Honour thy father and thy mother.",1,0,2781,Geneva,New Testament
335,Luke 18.31 (Tyndale),"Al thinges shalbe fulfilled, that be writte by the prophets of the son of man.",He toke vnto him twelve and sayde vnto them. Beholde we go vp to Ierusalem and all shalbe fulfilled that are written by the Prophetes of the sonne of man.,1,0,2785,Tyndale,New Testament
336,Luke 18.32 (Douay-Rheims),"scourged, bobbed and at last nayled to the crosse.","For he shall be delivered to the Gentiles, and shall be mocked, and scourged, and spit upon:",1,0,2786,Douay-Rheims,New Testament
337,Luke 2.27 (Douay-Rheims),And he came by inspiration into the Temple.,"And he came by the Spirit into the temple. And when his parents brought in the child Jesus, to do for him according to the custom of the law,",1,0,2806,Douay-Rheims,New Testament
338,Luke 2.4 (KJV),"He shoulde come from the stocke of Dauid,","And Joseph also went up from Galilee, out of the city of Nazareth, into Judæa, unto the city of David, which is called Bethlehem; (because he was of the house and lineage of David:)",1,0,2819,KJV,New Testament
339,Luke 2.52 (Douay-Rheims),"and all acquaintance: is not he for these thinges in great honour with al men, and with god in great glorie?","And Jesus advanced in wisdom, and age, and grace with God and men.",1,0,2824,Douay-Rheims,New Testament
340,Luke 20.22 (Douay-Rheims),"Wherfore (he sayd) they ought not to pay tribute to any man,","Is it lawful for us to give tribute to Caesar, or no?",1,0,2831,Douay-Rheims,New Testament
341,Luke 20.25 (Douay-Rheims),"Reddite ergo quae sunt Caesaris Caesari,",And he said to them: Render therefore to Caesar the things that are Caesar’s: and to God the things that are God’s.,1,0,2837,Douay-Rheims,New Testament
342,Luke 21.26 (Douay-Rheims),& the powers of the heauens shall be moued.,"Men withering away for fear, and expectation of what shall come upon the whole world. For the powers of heaven shall be moved;",1,0,2844,Douay-Rheims,New Testament
343,Luke 22.17 (Douay-Rheims),"And taking the cuppe with wine in his handes, he sayd:","And having taken the chalice, he gave thanks, and said: Take, and divide it among you:",1,0,2854,Douay-Rheims,New Testament
344,Luke 22.32 (Geneva),I pray daily that they may not erre.,"But I haue prayed for thee, that thy faith faile not: therefore when thou art conuerted, strengthen thy brethren.",1,0,2873,Geneva,New Testament
345,Luke 22.51 (Tyndale),And Iesus answered and sayd:,And Iesus answered and sayd: Soffre ye thus farre forthe. And he touched his eare and healed him.,0,1,2878,Tyndale,New Testament
346,Luke 22.69 (KJV),"For this to do, is to syt on the right hand of God.",Hereafter shall the Son of man sit on the right hand of the power of God.,1,0,2881,KJV,New Testament
347,Luke 22.69 (Vulgate),"& non est hic, ibi enim sedet ad dextram patris.",Ex hoc autem erit Filius hominis sedens a dextris virtutis Dei.,1,0,2882,Vulgate,New Testament
348,Luke 22.7 (Geneva),"In Exodus and in many other places, the ceremony of the paschall lambe, is called passouer.","Then came the day of vnleauened bread, when the Passeouer must be sacrificed.",1,0,2883,Geneva,New Testament
349,Luke 22.70 (Geneva),"Some sayde, if thou be the sone of god as thou makest thy self,","Then sayd they all, Art thou then ye Sonne of God? And he sayd to them, Ye say, that I am.",1,0,2884,Geneva,New Testament
350,Luke 23.10 (KJV),the learned scribes and Phariseis persecuted him euen to the death of the crosse.,And the chief priests and scribes stood and vehemently accused him.,1,0,2886,KJV,New Testament
351,Luke 23.43 (Tyndale),And Iesus saide vnto hym:,And Iesus sayde vnto him: Verely I saye vnto the to daye shalt thou be with me in Paradyse.,0,1,2893,Tyndale,New Testament
352,Luke 23.46 (Vulgate),"In manus tuas commendo spiritum meum, which Christ spoke vpon the crosse.","Et clamans voce magna Jesus ait: Pater, in manus tuas commendo spiritum meum. Et hæc dicens, expiravit.",0,1,2896,Vulgate,New Testament
353,Luke 24.24 (Douay-Rheims),"Yea, and certain women also of our company made vs astonied whiche came carely vnto the sepulchre and found not his body,","And some of our people went to the sepulchre, and found it so as the women had said, but him they found not.",1,0,2903,Douay-Rheims,New Testament
354,Luke 24.40 (KJV),"Therfore when Christ sheweth vs his handes and feete, that is,","And when he had thus spoken, he shewed them his hands and his feet.",1,0,2919,KJV,New Testament
355,Luke 24.46 (KJV),"And so was it very necessary, that Christ should do.","And said unto them, Thus it is written, and thus it behoved Christ to suffer, and to rise from the dead the third day:",1,0,2922,KJV,New Testament
356,Luke 3.14 (Tyndale),And what shall we in this case do?,The soudyoures lyke wyse demaunded of hym sayinge: and what shall we do? And he sayde to them: Do violence to noo man: nether trouble eny man wrongfully: but be content with youre wages.,1,0,2929,Tyndale,New Testament
357,Luke 3.22 (Douay-Rheims),with the Holy Ghost (represented as a dove) descending upon Christ's disciples,"And the Holy Ghost descended in a bodily shape, as a dove upon him; and a voice came from heaven: Thou art my beloved Son; in thee I am well pleased.",1,0,2931,Douay-Rheims,New Testament
358,Luke 4.21 (Vulgate),Hodie impleta est hec scriptura in oculis vestris.,Cœpit autem dicere ad illos: Quia hodie impleta est hæc scriptura in auribus vestris.,1,0,2938,Vulgate,New Testament
359,Luke 4.27 (Douay-Rheims),which Naaman the Sirian did.,And there were many lepers in Israel in the time of Eliseus the prophet: and none of them was cleansed but Naaman the Syrian.,1,0,2941,Douay-Rheims,New Testament
360,Luke 4.41 (Tyndale),Thou art Christ the sonne of the liuinge God.,And devils also cam out of many of them crying and saying: thou arte Christ the sonne of God. And he rebuked them and suffered them not to speake: for they knewe that he was Christ.,1,0,2947,Tyndale,New Testament
361,Luke 4.44 (Wycliffe),he taught loge before by the mouth of Michee ye prophet.,And he prechide in the synagogis of Galilee.,1,0,2950,Wycliffe,New Testament
362,Luke 5.16 (Vulgate),"Exiit Iesus in montem orare,","Ipse autem secedebat in desertum, et orabat.",1,0,2958,Vulgate,New Testament
363,Luke 6.13 (Douay-Rheims),"But what were these two, whom our Sauiour Christe chase to be his apostles?","And when day was come, he called unto him his disciples; and he chose twelve of them (whom also he named apostles).",1,0,2977,Douay-Rheims,New Testament
364,Luke 6.14 (Geneva),"Peter, Iames, and Iohn, whiche he founde then at Hierusalem.","(Simon whome he named also Peter, and Andrew his brother, Iames and Iohn, Philippe and Bartlemewe:",1,0,2980,Geneva,New Testament
365,Luke 6.14 (Geneva),"Peter, Peters brother saint Andrewe, whose feast we kepe, exhorteth you:","(Simon whome he named also Peter, and Andrew his brother, Iames and Iohn, Philippe and Bartlemewe:",1,0,2981,Geneva,New Testament
366,Luke 6.14 (Geneva),"Simon Peter, the sonne of Ioannes, of the prouince of Galile, and of ye towne of Bethsaida, the brother of Andrewe the Apostle, after his byshopricke in Antioche and after his preaching in Potus,","(Simon whome he named also Peter, and Andrew his brother, Iames and Iohn, Philippe and Bartlemewe:",1,0,2982,Geneva,New Testament
